client_ip,client_port,server_ip,server_port,protocol_type,start_time,flow_id,pcap_id,end_time,duration,packet_count,upload_packet_count,download_packet_count,upload_bytes,download_bytes,average_packet_size,maximum_packet_size,minimum_packet_size,inter_arrival_mean,inter_arrival_std,burst_count
157.240.214.60,443,10.0.2.15,47182,TCP,1691658517.190729,1,Audios_record.pcap,1691658703.872282,186.68155312538147,318,178,140,46459,39193,269.34591194968556,7354,84,0.5889007985027807,1.2251926911685254,47
10.0.2.15,39324,157.240.214.60,443,TCP,1691658522.443906,2,Audios_record.pcap,1691658703.65627,181.21236395835876,346,34,312,12636,396480,1182.4161849710983,4967,85,0.525253228864808,2.3262036727804793,27
10.0.2.15,58442,157.240.214.60,443,TCP,1691658529.597431,3,Audios_record.pcap,1691658529.697754,0.10032296180725098,3,2,1,171,78,83.0,93,78,0.05016148090362549,0.0496753454208374,1
